id,x1,x2,x3,x4,y
1,-0.4145,0.039756,1.030588,-1.758354,-0.537424
2,1.407099,0.495075,0.79601,1.312081,4.161955
3,2.8926,-0.128964,-0.706178,1.720131,-0.243585
4,-0.526782,1.176489,0.989866,1.188095,-1.734659
5,1.876182,0.536433,1.169976,0.82617,2.976706
6,-0.887335,-1.305585,-0.704587,0.617571,-2.549288
7,0.561942,-0.075557,-2.61767,0.141695,2.094905
8,0.727994,0.054621,-1.638635,-0.719494,3.205349
9,-1.457821,0.32906,0.03203,1.853736,-2.230887
10,-2.007947,-1.591145,-1.505244,-1.177306,0.155632
11,-0.973465,1.508061,0.295693,-1.43838,-3.740316
12,2.474376,-0.047103,-0.714152,-0.714805,1.681589
13,-1.841196,-0.21315,-0.282031,-0.335437,-0.388009
14,-0.072532,-0.972023,0.764737,1.29567,-0.320974
15,-0.475885,-0.393923,-2.043809,-0.128441,0.198152
16,2.155313,0.501889,0.084782,0.724002,2.67328
17,-2.802862,-0.932888,1.188294,-1.87654,2.083668
18,-0.30117,-0.532578,1.421589,-0.281788,-0.736222
19,0.751494,-0.392834,-0.337374,1.425475,2.966224
20,1.059229,-0.795898,-0.720699,0.463727,3.328529
21,-1.600127,1.181039,1.421017,1.554819,-4.191713
22,1.728207,0.298382,-1.319429,0.049658,3.694575
23,2.062846,0.497434,0.155407,1.371709,3.573291
24,-1.320115,-1.116582,0.44616,1.061001,-2.039219
25,-2.397456,-1.694833,-0.010594,-0.905731,0.180837
26,-2.700225,0.403541,-0.26085,-0.953483,-0.378659
27,2.07441,-0.309507,0.421817,1.804064,1.930349
28,2.27409,-0.980665,1.528662,0.671215,1.144109
29,-1.316094,-0.73524,0.732114,-0.920973,-1.051489
30,-2.122548,0.413872,-0.035385,1.0821,-2.272083
31,2.658141,-0.31703,-0.214338,-0.074169,0.917324
32,2.480409,0.19945,0.40513,1.126949,0.869114
33,-2.763876,-0.907095,1.153273,-1.751251,1.463088
34,-0.986025,-0.410939,0.59806,1.972134,-1.352786
35,-0.888939,-0.702322,1.332993,1.602821,-1.495241
36,-1.669756,0.237415,1.078617,-0.835182,-1.358713
37,2.705154,-0.626542,-2.105588,0.30989,-0.330624
38,-1.512564,0.197683,0.482852,-1.07742,-1.929825
39,0.388349,-2.923918,-0.508869,0.150731,-1.051201
40,-1.715421,-1.901562,1.62611,1.510543,-0.252375
41,2.567596,0.122497,0.499286,0.494329,2.829405
42,-0.343351,-1.360698,0.744761,0.185932,-0.638752
43,2.095094,-0.837111,1.245764,1.988519,0.908219
44,2.285726,-0.348834,0.460336,-1.478291,1.550913
45,0.687867,0.550026,-1.922641,1.02237,4.232707
46,-1.458456,-1.684196,0.595654,-1.834435,-0.61426
47,1.141676,2.842735,-1.305441,-0.258271,3.293983
48,1.626942,0.768324,0.077396,-1.629002,4.212039
49,-0.301634,0.567564,-0.256267,0.138042,-0.893779
50,-1.391864,1.231242,0.612526,-0.47597,-3.770892
51,0.300985,0.733142,-0.667572,-0.865782,1.532262
52,2.457746,-2.339979,1.804149,-0.671581,-3.836512
53,0.022822,-0.752147,0.164945,-1.750739,1.039342
54,0.58047,1.261537,0.688087,0.336516,4.066298
55,-1.094339,-1.766893,0.449636,0.155191,-1.952157
56,-2.150931,0.613914,-0.421165,-1.170101,0.058413
57,1.610806,0.25922,-2.630467,1.900396,3.96977
58,-0.826847,0.466792,0.726718,1.407679,-1.839611
59,0.91222,0.02869,-2.357637,-0.931614,4.0349
60,-2.225747,-0.197743,-0.924565,-0.952558,-0.402569
61,-1.223282,-0.13548,-0.756335,-1.931122,-1.142203
62,-2.854664,-0.072133,1.218627,-1.966169,1.897126
63,2.600134,0.280754,-0.026462,-1.504897,1.658929
64,0.118254,-0.51559,0.029811,0.791648,1.541117
65,-2.427725,-1.333963,-0.716053,0.390242,0.785661
66,1.403553,-0.962335,-1.1079,0.761243,2.826986
67,1.300971,-0.204509,-0.627214,-1.341059,3.313437
68,-1.753944,0.521358,-1.19827,-0.065598,-2.090583
69,1.194697,0.456734,1.046257,1.828538,4.347805
70,-0.351001,-0.421766,-1.047259,1.112353,0.086114
71,-2.935337,-1.287894,-0.518914,1.488488,1.423996
72,2.292502,-1.830162,0.950183,1.487806,-1.916842
73,-2.831076,0.079827,1.506943,0.79042,0.998475
74,-1.427414,1.608661,-0.512864,0.065206,-5.112018
75,0.225626,-0.526049,-1.759519,0.964693,2.525156
76,-2.880911,-0.914338,2.281481,-1.451369,3.021856
77,1.308656,-0.626537,0.368931,0.516095,3.036556
78,-1.78714,0.06871,0.320554,0.475588,-1.668829
79,-0.916859,1.696814,0.860243,-0.68435,-3.723004
80,2.134328,-1.330842,-0.334566,-0.56083,-0.882489
81,2.498763,-0.396126,-1.46582,1.406449,0.964686
82,2.337194,-0.797664,-0.143079,-1.672112,0.869729
83,1.880947,0.518188,-1.248314,-1.736779,2.439122
84,1.331751,-0.027563,0.978419,-0.340564,4.312775
85,-2.461913,1.372528,-0.377094,0.260284,-2.116492
86,0.748305,-0.206536,-0.425318,1.212158,3.035748
87,2.000901,0.469016,-0.307287,-1.708153,3.83781
88,1.949536,-1.099418,0.083169,0.983184,2.022356
89,2.850906,1.699645,-0.48578,-0.924818,2.421881
90,1.505989,-0.208555,2.067983,1.291768,3.384016
91,1.53738,0.529006,-0.526599,1.832351,3.666157
92,0.376371,0.533569,-0.541129,-1.69919,1.907517
93,-1.730201,0.019517,-0.382535,-0.017228,-1.698047
94,0.918286,-1.672523,1.343875,0.745477,2.226893
95,-0.850638,0.654397,0.243457,0.269692,-1.3064
96,1.887764,-0.591061,1.1757,1.408257,1.732134
97,1.457183,0.991102,0.838508,1.833319,3.07289
98,0.563907,0.273352,0.885573,1.145341,3.322436
99,-2.187207,1.199978,0.596732,0.712339,-2.54663
100,-2.895762,1.321333,-0.22997,1.683156,-1.322174
101,2.594824,1.240544,-0.701342,-0.671528,3.214984
102,2.272662,0.278293,0.756595,0.899526,2.903648
103,-0.842485,1.525666,0.142298,0.689608,-3.937353
104,-2.033345,0.820982,-0.256104,-1.61421,-2.795533
105,-2.562696,-0.057245,-0.347761,-0.897968,1.053663
106,0.041767,-0.305679,-0.557304,1.625733,1.514971
107,-1.620981,-0.5002,-0.158285,1.604706,-2.310822
108,-1.346603,-0.421247,-0.07404,1.664863,-1.759432
109,1.89246,0.804356,-0.051505,1.615379,2.923049
110,0.790042,0.014676,-2.461062,0.110422,3.779629
111,-1.404263,0.463977,0.223236,0.803345,-2.080451
112,0.958241,1.866246,-0.475923,-0.333975,3.933521
113,0.995759,-0.910438,0.086437,-1.41147,2.48898
114,1.519729,0.342795,-0.899998,1.550051,4.329198
115,-0.261955,0.693976,-0.745502,-1.027048,-0.285201
116,0.058022,-1.957365,0.732276,-0.574784,-0.764443
117,-2.549925,-1.44791,-0.127439,-0.49869,2.438372
118,0.62962,0.338498,-0.921707,-1.360439,2.905231
119,-2.525281,-1.37355,-1.328703,0.435525,1.54125
120,-0.246226,1.229693,0.330994,-1.345045,-0.878063
121,-0.355604,-0.115868,-0.557516,1.455522,0.198381
122,-2.101234,0.546124,2.255039,-1.614172,-1.764163
123,-2.592844,1.329586,-1.183781,1.522239,-3.976978
124,2.65457,-1.077125,1.202617,0.802689,-2.778054
125,2.085313,0.275948,-0.499007,-0.772569,4.173707
126,-2.633155,-0.781887,1.218307,0.503697,1.024893
127,1.678024,-0.537712,-0.627778,-1.258255,3.293233
128,0.199833,-1.648805,-0.28824,-1.341232,0.606376
129,-0.552468,-0.657685,-0.181379,0.186935,0.027293
130,-1.084074,1.149101,-0.282192,-1.190283,-2.741348
131,0.89329,0.12213,0.990546,1.6465,0.571992
132,-0.67054,1.096167,-0.543444,1.809619,-2.471865
133,-1.207721,-0.309649,-0.233585,0.814006,-1.198839
134,-1.717276,-0.984964,1.006507,1.491956,-0.674776
135,2.837814,-0.824698,1.209537,-1.887526,-0.306816
136,1.172232,0.429812,-0.678855,1.924273,3.748063
137,-0.970328,-1.508082,-2.226282,1.782944,-2.32944
138,0.262022,1.550718,0.895817,-1.723039,1.247285
139,-1.78596,-1.282138,-0.277772,0.725536,0.712928
140,2.793128,-0.747814,0.271024,1.536167,-1.891587
141,0.568702,-0.33234,-0.18062,-1.291697,1.983726
142,-1.743624,-0.384002,2.369303,0.030033,-1.580212
143,2.633501,-0.570593,-0.449259,-0.996704,0.638605
144,0.510588,-0.143637,-0.257597,1.952929,3.067316
145,-2.700793,0.656188,1.13629,-1.93101,0.676413
146,-1.377697,-0.277876,-1.068449,1.055001,-2.319288
147,-0.633683,-0.186979,0.635061,-0.387635,-0.339877
148,-2.275719,0.334156,0.579885,-1.710308,-0.343822
149,0.110123,-0.128095,0.678811,0.286157,1.500282
150,-2.977792,1.037776,0.560701,-0.222461,-0.081945
151,2.388887,-1.351319,-0.709424,1.926063,-1.774202
152,2.48642,-0.053658,-0.750114,0.526559,2.682546
153,1.332537,-0.523903,1.332203,-0.11854,3.52648
154,0.681526,0.214058,-0.609147,-0.429705,3.858119
155,1.68224,-1.150689,0.921881,-0.458381,1.114809
156,-0.915334,-0.407287,0.385155,-0.903807,-0.838174
157,-0.909419,1.115913,0.868049,-1.24011,-3.57841
158,-0.242986,-1.149603,-0.335137,1.935829,-1.017828
159,-1.792122,0.316363,1.641913,0.797941,-0.915214
160,-1.751849,-0.254187,-0.509683,-0.614521,-1.373479
161,0.520866,0.867639,0.507451,1.886555,2.344462
162,-0.437832,0.189755,-0.74662,-1.092908,0.249959
163,-1.36342,0.902996,-0.057484,-1.037099,-3.010934
164,1.24694,1.004074,1.351559,-0.988709,3.895804
165,0.850594,-2.109065,1.214452,0.459682,0.955189
166,1.802905,1.197636,-0.368532,0.702613,5.019406
167,-2.512543,-0.659503,-0.266696,1.429568,1.081087
168,2.52101,-0.288622,-0.482809,-1.752707,0.610646
169,-0.208129,-0.449908,0.470351,1.055055,1.131505
170,1.563719,0.05587,-0.19562,-1.02505,3.881318
171,-1.618217,0.359534,0.865513,-0.342306,-2.493249
172,-0.265083,1.583329,0.262506,0.890371,-1.686809
173,-1.580713,-0.212401,0.476725,-0.731528,-0.151027
174,2.670602,-0.984375,0.327769,0.012181,-1.284667
175,1.504582,0.930924,0.608806,0.577706,2.996255
176,0.34008,-0.122665,-0.2103,-0.09036,1.531068
177,-0.283978,-1.04936,0.495354,-1.606412,-0.504389
178,-1.538494,-1.506391,2.710054,0.947114,-0.513051
179,0.052205,0.200435,1.178533,-0.234727,1.097667
180,2.480877,1.711955,-2.810763,1.454937,3.957059
181,0.141866,-0.481664,2.059062,1.624905,2.08605
182,2.50239,0.804453,-0.769173,-0.333981,2.337993
183,2.062386,-0.477723,-0.775664,1.449404,2.027165
184,1.134269,-0.119138,-0.058328,-1.095593,3.381236
185,-0.651242,0.98388,-1.178175,0.42779,-1.817664
186,-0.186537,-0.569663,1.004212,0.878426,1.480755
187,1.972666,-0.665462,-0.46233,0.135955,2.899582
188,-2.749538,-0.57574,0.541612,-0.535756,1.478133
189,1.83079,-0.68945,0.898512,1.628328,2.41686
190,-2.541931,-1.403231,-0.348077,1.927479,-0.093977
191,0.055928,0.181519,0.805264,-0.271695,2.257914
192,0.902857,-1.683388,-0.396311,-1.529069,0.797317
193,1.210283,0.330753,1.2929,-0.153739,3.563975
194,2.757114,0.783036,0.427482,-1.432346,2.31834
195,-0.020053,2.882601,-0.038057,-0.248378,-0.842589
196,2.523709,-0.151861,-0.94957,1.526832,3.183153
197,-0.145551,-2.003443,-2.378967,-0.50309,-2.31651
198,0.040944,-0.209531,0.723513,0.806744,0.963499
199,1.083563,-1.062203,0.383541,1.381087,1.828944
200,-1.275853,1.607295,-0.805453,-0.985427,-5.625248
201,1.316771,0.215672,0.512322,0.350976,3.699881
202,-1.931585,-0.565436,-0.552412,-0.868178,-1.085137
203,-0.003437,0.168595,0.42822,-0.516593,1.9196
204,2.562421,1.822515,-0.917355,-0.476693,1.894295
205,0.634449,1.464094,0.218694,-0.217857,1.73422
206,1.616028,-0.377365,1.280883,0.369284,4.052982
207,1.632903,-1.910966,2.195509,-1.185315,-0.500178
208,0.719689,0.598369,-0.304007,-1.919748,3.367701
209,-1.634,-0.232132,-0.101713,-1.763227,-0.884679
210,0.843903,0.366246,1.234243,-1.552407,4.577668
211,2.63055,-0.611386,-0.503656,-0.314644,-0.19154
212,-0.294094,1.056094,-0.448928,1.410036,-0.671874
213,-0.483599,-0.772808,2.399203,0.636938,-0.891956
214,0.11185,0.70672,0.468014,1.434649,1.283611
215,0.81949,-0.497163,0.215172,0.831867,3.159608
216,1.877131,0.735982,1.42905,0.038323,4.275209
217,-2.561448,0.129073,-0.190872,-0.173353,0.845057
218,2.501745,-1.087352,-0.605904,0.111527,-1.469872
219,-0.595813,0.856868,-2.069008,-1.571667,-2.343128
220,-1.363455,-0.025662,-0.373603,-1.274094,-1.326454
221,2.004499,-0.610514,-1.311872,1.248118,2.290492
222,-1.75311,0.996,-0.195506,1.038953,-1.092168
223,-2.325083,1.671882,0.160729,1.459108,-4.493691
224,-0.926076,0.1073,0.209073,-1.420161,-2.515018
225,0.8272,0.671372,-0.43233,-1.412519,3.245821
226,1.995894,0.679386,0.333856,-0.790805,3.08431
227,1.805317,0.01687,-1.329696,0.909397,3.872844
228,-2.151465,-0.105532,1.110774,-0.973747,-0.75914
229,-2.382902,-0.320842,1.087772,1.954009,0.409819
230,1.882951,0.069991,0.204648,-0.240115,3.571305
231,2.170188,-1.101386,1.347378,0.30678,-0.311171
232,-2.613698,-0.494059,0.738597,-1.899795,3.003455
233,0.969221,0.182061,0.895231,-0.837179,3.803329
234,-1.607597,-0.162843,-1.358585,-0.513965,-0.596227
235,0.724143,-0.693166,0.291441,-0.166305,2.028984
236,0.208372,-0.550451,-1.532056,-1.936598,2.249841
237,-1.84096,-1.003389,1.166584,-1.391149,-1.63337
238,2.573704,1.408891,0.634331,1.049074,3.211362
239,-2.549724,0.391745,-0.404727,-1.577984,1.555946
240,-2.657032,-0.330184,0.22958,-0.233795,1.298257
241,-0.09422,1.544999,-1.097396,-1.006331,0.394792
242,-1.319322,0.232719,-0.438289,-0.024876,-2.435035
243,-0.403514,-0.723886,2.103126,0.869808,0.046835
244,-2.620268,-0.620724,0.171473,1.729591,1.475598
245,1.822021,-0.354987,-1.987262,1.049971,2.253789
246,-2.87322,1.840644,0.347564,1.914038,-2.564189
247,2.884433,-1.959823,0.597553,-1.544425,-6.288461
248,0.746051,-0.643761,-0.24559,-0.191459,3.103057
249,2.190768,0.127412,-1.23227,-1.681898,1.923249
250,-1.402471,0.502017,-0.438879,0.178248,-2.276657
251,0.186813,-1.622762,0.13215,0.043056,0.148032
252,0.617606,-1.657622,0.011085,-1.995297,0.757782
253,0.230446,0.965034,-0.197158,-1.019809,0.966263
254,-0.475191,0.905348,0.407824,1.087631,-1.543198
255,-2.17423,-0.499624,-0.505388,-0.938351,0.488957
256,-0.116924,-1.240157,0.185462,-1.95327,0.36873
257,-1.224871,1.757356,-2.795224,0.608957,-4.711245
258,0.905826,0.083467,-0.248729,1.040896,3.535258
259,-0.341755,-0.104862,-0.456039,-0.979113,-0.63302
260,2.075495,1.238483,-0.94361,-0.1705,3.335439
261,-2.663681,1.314608,0.98684,-0.354381,-0.462242
262,-1.130203,0.964664,1.657616,-0.975286,-2.768983
263,-0.562816,-0.540626,2.19637,-1.127145,-1.581994
264,2.858371,-0.944531,-0.18725,0.148946,-1.682354
265,-0.235596,0.122861,1.260502,-1.431469,1.161163
266,-2.190176,-2.101337,-0.621564,-1.147197,0.870437
267,1.446497,0.025872,-0.285591,1.145193,3.997392
268,-1.273391,1.401124,1.791003,0.37061,-3.333245
269,2.907553,-1.533278,-1.232554,-1.634967,-1.861582
270,1.168792,1.004024,0.343853,1.374265,3.929394
271,0.010859,-0.728702,-1.210358,-0.203669,0.587996
272,0.923345,-1.273702,1.388346,-1.073268,3.165237
273,0.381314,-0.099426,-0.650201,0.352744,2.941091
274,0.870273,-0.532119,0.283637,-1.146919,3.694801
275,-1.682066,-0.053928,-0.933716,-0.797701,-0.90805
276,1.228851,0.662872,2.936631,0.008025,4.586493
277,0.362088,1.43966,0.275334,-0.031096,1.023896
278,-1.615537,-1.441667,0.610716,1.119779,-1.559523
279,2.526928,0.909328,-1.253768,-0.53423,0.51233
280,-1.987416,-0.61791,-0.093658,1.971558,-0.236492
281,-0.56423,0.416132,0.045092,-1.796689,-0.079927
282,-2.980923,1.262043,0.699321,-1.242137,-3.367124
283,-0.969696,0.49454,-0.120544,0.197838,-2.518117
284,2.940923,-0.350353,0.973699,-0.791149,1.373868
285,0.794256,2.174883,-1.755015,1.893361,2.3389
286,-0.837839,-0.704971,0.34285,-1.570968,-2.054417
287,1.035378,1.30872,0.830744,0.253055,4.504221
288,-2.225852,-0.557384,1.374149,1.273512,1.201769
289,-0.228793,0.78075,2.119855,1.794429,-0.406928
290,-2.54421,-0.540669,0.098724,-0.252267,2.293275
291,0.828577,-0.718461,0.759316,1.115086,2.239148
292,1.976768,0.50768,-1.601133,-0.740416,3.748396
293,-1.028983,0.303038,1.625384,0.393739,-1.875684
294,-2.62765,-1.70733,1.84536,-1.123578,0.952143
295,-1.439335,-0.200491,1.525893,1.025309,-0.965032
296,-0.656656,0.906287,0.464432,-1.948964,-2.25575
297,1.743807,0.844411,0.07657,-1.440878,3.560033
298,-1.72087,-0.776995,-1.647693,0.13192,-0.706768
299,2.965184,0.416806,-0.044711,1.413528,1.512112
300,-1.212919,0.514672,-0.978536,0.678737,-2.607557
301,-1.103496,-1.804286,0.369387,-1.168225,-3.314664
302,1.357731,-0.631985,0.256911,-1.854258,2.839924
303,-0.969241,-0.117836,-0.899644,-1.688904,-1.9698
304,-1.309753,0.795441,-1.000817,1.88906,-2.909737
305,-0.732909,0.552431,1.992088,-0.75897,-1.342256
306,-1.113012,-0.746864,-1.398807,-1.218426,-1.723186
307,1.767057,-0.571198,0.407042,1.912377,2.558303
308,1.188638,-0.9997,0.97366,-0.555335,2.322429
309,2.244695,-2.149833,0.951776,0.597739,-1.286252
310,0.733357,-0.162325,1.423837,1.917785,3.231703
311,2.8959,0.117327,0.803334,1.678832,1.761367
312,-2.804944,1.423682,1.374919,0.165706,-0.022583
313,1.048694,0.494683,1.171188,0.100276,3.76715
314,2.498055,-0.807227,0.068981,1.502919,0.323201
315,-2.425123,1.479837,-0.846113,0.020666,-2.075189
316,0.599752,0.104269,0.262442,-1.797152,3.407108
317,-2.315164,0.975031,1.266815,0.763151,-0.840692
318,-1.684219,1.767977,0.847751,-0.902877,-3.219294
319,-2.019004,-0.633324,-0.338061,-0.058702,-0.259329
320,-0.167724,-0.161801,0.793048,-0.129871,1.547038
321,-2.31367,1.138292,1.262939,0.992671,-0.965
322,-2.759378,0.903908,0.957043,1.316575,1.634891
323,-0.299692,-0.393609,1.988669,-0.28164,0.731759
324,1.817655,-0.970867,0.59262,0.04824,1.737242
325,0.235956,0.113498,1.528439,-1.882347,1.582864
326,2.211186,-0.23775,-0.211461,0.788732,2.427427
327,-2.684348,1.356228,1.282363,1.588446,-1.417965
328,0.700203,0.387675,-0.500688,0.449302,3.011267
329,-2.664182,0.02236,-1.157401,1.382036,0.953112
330,-1.282207,-3.202738,-0.764299,-1.48911,-1.37093
331,0.732043,-1.823427,-0.163886,0.982045,0.217834
332,2.686575,1.428485,-0.818775,-0.947866,3.542086
333,1.03822,-0.232012,-1.346274,0.248743,3.108057
334,2.151829,-0.823661,0.48345,-0.639855,2.597081
335,-1.615107,0.530623,0.104783,-0.890256,-1.931358
336,0.760008,-0.167921,0.306805,-0.486579,3.201199
337,1.28954,1.321789,3.210188,0.234798,3.543605
338,-2.807932,-0.506293,-1.059109,-1.390038,2.956904
339,-2.746751,1.128848,-0.097134,-1.978059,-1.06988
340,-1.34406,0.636568,-0.961684,-0.300105,-3.083928
341,-2.666551,-1.667059,-0.583123,1.01123,1.825186
342,1.3478,0.745278,0.980444,-1.12724,4.26093
343,2.664369,1.077631,-0.519694,0.916887,2.842092
344,0.32679,-1.293547,-0.792339,0.205809,1.411629
345,-1.860259,1.132799,-0.665562,1.574244,-3.855059
346,-2.209423,-0.942867,0.052734,1.300107,-0.176349
347,1.479348,-0.609661,0.79938,-1.825112,3.375726
348,-1.365788,0.13193,0.383653,1.470659,-2.425671
349,-1.621889,-0.862208,-0.292848,1.085793,-2.855007
350,-2.448378,0.15675,-0.1875,-0.785078,-0.490184
351,-2.555697,-0.299033,1.051114,-1.085343,0.748043
352,1.562657,-1.625719,1.05875,0.596201,1.41289
353,-1.7312,-0.247413,-0.271474,0.478828,-1.023869
354,2.356228,-1.611863,-0.385936,0.888424,-0.54483
355,-0.184418,-0.112106,-1.020647,1.53996,1.141546
356,1.966108,-0.800042,-1.849619,-0.367333,2.336988
357,2.544474,-0.484964,0.864506,-0.940764,1.253624
358,-1.508777,-0.298599,1.251093,-1.427377,-0.542853
359,-2.843692,1.421127,0.613771,-1.345294,-2.86293
360,-0.033177,-0.283897,-0.814051,0.596347,0.669923
361,-1.692341,1.072853,-1.399531,0.870635,-1.702283
362,0.7476,0.486404,1.213585,1.285838,3.465874
363,-1.201516,-0.880868,-0.506641,1.454673,-0.842348
364,0.541632,-0.017932,1.547256,0.102115,2.022473
365,-2.944571,-0.37468,-0.005482,-1.817096,3.504073
366,1.929263,-0.02009,-2.311757,0.895728,2.900766
367,2.34526,0.77963,0.281873,-0.143127,2.541716
368,-1.681554,-1.366908,-0.259686,0.181922,-1.462671
369,2.793342,-0.887353,1.282182,-1.654241,-1.316432
370,1.030032,-1.224933,1.781563,-1.305703,1.562169
371,-1.43722,1.261632,-0.573672,1.055935,-3.998366
372,1.146495,-0.316199,0.451393,0.377386,2.696935
373,2.839118,-1.637688,-0.1728,-0.145493,-3.168057
374,1.502766,-0.425092,-2.859513,1.504772,3.124056
375,-0.832555,0.910399,-0.02484,-1.656355,-3.046279
376,-2.910748,1.077344,1.51242,1.984618,-0.406589
377,-2.793303,1.939384,0.145564,-0.535497,-3.571326
378,-2.045636,-3.062783,0.068802,-0.843699,-1.090586
379,0.550451,1.682698,-0.630671,-1.858922,1.987529
380,-0.028031,-1.923585,0.970999,0.685957,-0.848355
381,2.535017,0.49891,-1.306403,-0.990382,2.619072
382,2.56333,-1.460519,0.358572,1.005754,0.295314
383,-0.208674,-1.181267,-0.664487,0.19528,-0.552877
384,1.084659,-2.089712,0.075016,-1.568141,-0.091588
385,-2.006594,0.18231,1.56051,-0.162238,-0.760165
386,-1.433057,-0.818633,0.527006,-1.888348,-0.871904
387,2.211272,0.94417,0.135888,0.451139,3.879957
388,0.15424,-1.4933,0.396124,0.704329,0.363345
389,-2.598044,0.667811,2.586031,1.29493,-0.02999
390,-2.231936,-0.301979,0.996047,-1.732029,0.726541
391,-2.061727,-1.299041,-0.242476,1.766094,-0.870815
392,-0.361938,-0.579457,0.735004,0.968181,-0.26776
393,2.662897,-1.243902,0.427923,0.382866,-2.436419
394,0.279369,0.282614,0.859855,1.680053,1.47701
395,-1.559773,-1.067667,0.397405,-1.291569,-1.177116
396,1.630007,0.343211,-0.312437,1.316021,4.039729
397,1.128877,-0.641237,1.121981,1.748656,3.475206
398,-0.133182,1.251218,-1.639272,0.828632,-1.366582
399,-1.846255,-0.315844,0.297623,-1.789405,-1.12204
400,1.034884,-0.035314,-0.285478,0.25031,3.435997
401,2.616423,-0.278018,0.735037,1.412223,0.062773
402,2.185311,1.273912,2.261683,-1.349123,3.545497
403,1.015171,-0.46688,0.239156,0.922601,5.267957
404,-0.270703,0.46987,1.520263,1.898878,0.276167
405,-0.826979,1.214105,1.145894,-0.975741,-2.932064
406,1.2332,-2.345111,1.463302,-0.174342,0.462253
407,-1.997308,0.134865,-1.32897,1.113337,-1.61177
408,1.647876,1.183152,0.413715,-1.598792,3.058355
409,-1.660705,-1.432203,-0.353342,1.253326,-0.661549
410,-0.938815,-1.266336,-1.327049,-0.129972,-2.195118
411,-2.469479,-1.089499,0.191721,1.517877,0.921356
412,-1.586921,0.76209,-1.232581,-1.217834,-2.779267
413,-2.113662,-0.078053,-0.712189,-1.381375,-0.820375
414,-2.551293,0.272339,-1.614285,-0.818941,0.443611
415,-2.874338,0.170113,-0.595521,-0.365674,0.921662
416,0.039016,1.256006,0.818892,0.355355,0.91979
417,2.406234,-0.418138,0.575687,-1.724725,1.994518
418,-0.70795,-1.503465,0.553167,-0.325472,-1.620276
419,1.66187,-0.160036,0.23636,0.466349,3.248921
420,-1.374126,2.673965,0.209087,-1.834658,-6.015859
421,-1.637234,-1.466857,0.863896,-0.25947,-1.942004
422,-2.094669,0.236036,-1.878687,0.026646,-2.131397
423,0.115855,1.449134,-0.027083,0.803212,-0.036145
424,1.062788,0.70129,-0.063605,-0.580651,3.91497
425,2.903815,0.867837,-0.898931,-1.497332,2.178509
426,0.733723,0.329286,-0.679515,0.039626,3.158261
427,2.022319,0.087465,0.004548,0.962012,4.588748
428,-0.155398,-0.447061,-1.022377,1.799466,0.96342
429,1.057111,0.030996,0.26655,1.357312,4.396804
430,0.073407,0.107355,1.504936,1.926744,1.099375
431,2.09666,1.084571,-1.933879,1.102917,3.404189
432,-0.98431,0.987875,-0.255607,-1.22115,-1.986984
433,0.601978,0.257962,1.450749,1.832158,3.139665
434,-2.353999,0.287937,0.270061,-0.909002,-0.214867
435,-1.915272,0.792073,-0.967374,-1.934104,-2.127857
436,2.032997,0.107097,0.586524,1.565338,2.820266
437,2.398429,-0.315898,-0.49854,1.710884,0.933557
438,1.362968,1.049995,0.852757,-0.831484,4.962992
439,-0.035967,0.590586,0.529105,-1.324268,0.9086
440,0.555844,1.056243,1.751148,1.087566,1.07395
441,2.32861,-1.736326,-0.954713,-0.088623,-1.795698
442,1.023953,0.935267,-0.293161,0.398214,3.680299
443,1.479533,0.512112,1.316882,1.861907,4.935127
444,-1.453354,0.635481,-1.260193,0.57485,-1.096988
445,-0.416023,0.068564,-0.011246,1.196295,-0.318656
446,-1.379447,-1.053931,-0.362801,0.226973,-1.466088
447,2.866688,0.38965,0.054074,-1.216084,0.303872
448,-0.100628,-1.695493,0.329024,-0.098401,-0.375886
449,-1.821547,1.150392,0.425035,0.009359,-3.770153
450,1.538223,0.74192,-0.303602,-1.590548,4.078972
451,0.323431,-0.397714,-1.898449,0.608605,1.98702
452,1.709566,-0.712558,0.090756,1.661574,1.972065
453,-0.774902,-2.054028,-0.543383,1.474233,-1.696375
454,-2.011515,1.393419,-0.00113,-0.234916,-1.585786
455,-2.212597,-0.404373,0.444544,-1.099771,-0.814736
456,-1.459865,0.855698,0.693015,0.452575,-2.181362
457,1.031741,-0.754046,1.323177,0.602426,2.836981
458,1.629703,0.459691,-0.262014,1.468559,3.754643
459,-2.51019,2.50688,-0.492113,0.983688,-6.947042
460,1.475812,0.328656,-0.200753,1.827414,3.710067
461,2.533309,0.337714,-0.034965,-1.619248,1.989862
462,0.545016,1.498016,-0.751304,0.389947,1.957368
463,-1.247032,0.690235,-0.901716,1.756806,-2.280973
464,0.801505,-1.533622,0.927593,0.922801,1.429274
465,-1.729828,-0.059289,-0.294528,1.486529,-0.632181
466,1.33773,-0.540287,-1.249486,-1.007589,3.410525
467,-0.505351,-1.818657,1.068437,0.795468,-1.917977
468,2.310418,0.268608,1.390621,-0.913302,1.436364
469,0.268521,-1.370557,1.794589,-1.611685,1.653545
470,-0.117474,0.579414,2.074365,-0.619067,0.599373
471,-2.152495,1.303645,0.144576,-0.266714,-2.57257
472,1.173133,-1.204602,0.162257,-1.31601,3.272417
473,-0.467181,1.688425,1.195159,0.202855,-2.444812
474,-0.887754,2.478103,-1.147477,1.939049,-5.03533
475,-2.814645,0.125291,-0.067775,1.62337,1.099593
476,-2.611427,-0.526215,-1.767059,0.863443,0.632567
477,-1.826371,1.673288,0.403966,0.799746,-4.50006
478,-0.668729,0.862774,0.0129,-0.889136,-0.547683
479,-2.830053,1.647594,0.768795,1.999821,-3.072763
480,1.444789,0.872081,-0.484699,0.125247,4.392475
481,-1.304998,0.028187,-0.285495,-1.565092,-1.679421
482,0.057047,-1.832726,0.342864,0.210258,-0.291157
483,0.885623,1.19111,-0.989197,-0.622066,2.873381
484,1.673792,1.051368,-1.050172,1.797111,4.261491
485,-0.69217,-0.10647,-0.000746,1.26787,-0.299244
486,-0.43682,1.032385,-0.695131,1.318756,-0.735204
487,-0.772805,-1.114143,-0.041703,-0.326074,-1.675312
488,2.958229,1.723095,-0.503048,-1.106179,2.290442
489,-0.054665,0.294649,-0.295032,-1.718121,1.371175
490,-1.318119,0.288056,0.132255,-1.232836,-1.807485
491,-1.928201,0.097172,-1.331336,-1.617722,-0.976014
492,2.929151,-1.920592,-1.00434,0.228519,-2.366607
493,-1.025907,-1.895061,-0.676936,-0.699525,-2.057504
494,-1.535758,1.208642,1.876191,-1.964215,-3.197731
495,2.319757,-0.379534,0.364323,-1.367614,0.894931
496,0.799613,-0.451446,1.278319,-0.524298,3.744711
497,-0.445727,1.952316,0.159104,-0.009303,-2.400033
498,-1.677967,0.333353,-0.525926,0.188275,-1.902851
499,1.380411,-0.814877,-0.772354,-0.267924,3.787722
500,-0.21433,0.480208,1.16776,-1.462747,-0.695348
501,2.24881,-0.799437,-0.100685,-0.492627,2.052248
502,-2.99504,-1.882876,-0.777079,0.070732,2.349993
503,-1.533262,-0.155343,-0.39611,-1.488734,-2.322484
504,2.686265,-0.042334,2.37278,1.573234,-0.81585
505,-0.974864,-1.848223,-0.578212,-0.027725,-2.5753
506,-0.474387,0.49013,-1.0966,-1.361377,-1.497885
507,-0.011799,0.269687,-0.960426,0.669644,0.104366
508,0.13853,1.60339,-0.208823,-1.085821,0.143019
509,1.105979,-0.800548,-0.314547,0.925486,2.883572
510,-2.504442,-0.148706,1.341553,-0.056385,1.42669
511,0.933983,-1.216504,-1.096908,-0.143219,1.868827
512,1.656716,0.045124,0.073885,1.727681,3.191951
513,1.21547,0.69621,1.447343,-1.181994,3.01473
514,-1.245331,-1.667652,-1.566239,1.449943,-2.297075
515,0.867264,0.253945,-1.207307,0.977487,4.124075
516,-0.68777,-0.379347,2.994899,-1.568347,-0.930177
517,2.200102,0.022173,-0.239837,-1.257358,2.117385
518,1.929275,1.015309,1.16573,0.57636,3.948314
519,-2.600034,0.676004,0.158024,1.377737,0.093114
520,-2.243406,0.884404,0.2297,-0.151419,-0.084614
521,-2.597575,-0.303031,0.633297,0.202648,0.535992
522,-0.82853,-0.902299,0.435386,0.834163,-1.442347
523,-2.742777,0.923512,0.151083,1.008325,-1.951739
524,2.844503,0.232492,-1.772616,1.871772,1.8512
525,2.936006,1.794494,1.932963,1.718779,2.06554
526,0.353894,-0.126008,-0.194897,0.616325,1.593203
527,2.194167,-1.278364,-0.933559,1.156097,-0.232108
528,-0.925568,0.517273,-0.254743,1.910701,-2.318591
529,-2.18999,-0.740671,0.438178,0.269765,0.962307
530,2.824007,-0.965036,0.304811,0.049386,-0.172273
531,-1.13303,1.293926,-0.356294,1.976993,-3.285125
532,1.256332,0.142539,-1.217363,1.095038,3.747261
533,2.966471,1.932207,0.171321,0.841963,1.274155
534,-2.355702,-1.758796,0.683409,0.177691,1.726045
535,-0.599742,1.009342,1.255661,0.678236,-2.853524
536,-1.696439,-0.323982,1.681822,-0.879892,-0.594242
537,2.349968,0.800417,-0.37352,-1.264416,2.705603
538,0.693519,0.291899,-0.327453,-0.992912,2.349964
539,0.670594,-0.049099,0.286209,0.971066,4.518421
540,0.292905,-0.996464,0.471832,1.976774,1.601254
541,-1.476622,-1.005132,-0.896581,-0.034462,-0.930237
542,0.431325,-0.695479,-0.591105,-0.366489,2.077523
543,-0.779686,0.158922,0.835174,-0.752521,-1.019148
544,-0.279101,-0.968475,0.161967,0.34056,-0.035134
545,1.202698,1.160331,0.505411,-0.701645,4.715218
546,-0.680561,0.555545,0.068529,-1.02522,-2.359299
547,-0.29547,-1.142908,-0.329423,1.0182,-0.158187
548,0.09911,-0.463356,-0.653353,0.593501,1.334307
549,2.345059,1.218822,-0.194492,1.931214,3.057948
550,-2.156426,0.265468,0.340398,-0.209826,-0.968083
551,1.806448,1.00609,-0.278559,-0.828703,3.257838
552,1.981497,-2.356159,0.774815,0.505772,-0.567989
553,-2.945611,0.527192,-1.005087,1.979953,-1.15941
554,-1.065276,-1.748884,-0.457054,-1.027638,-1.691624
555,-2.327556,-0.248551,0.871195,-1.554976,0.889223
556,0.809783,0.790785,1.335343,-1.178805,2.210683
557,-2.793305,-0.839949,-1.281803,0.42451,1.905316
558,0.971592,-0.780567,0.307242,0.604087,3.144582
559,0.414383,-0.899276,0.856849,1.671867,1.787381
560,0.636265,0.490187,-0.570561,-0.716321,3.452564
561,2.077239,0.629584,0.498542,0.965447,2.794887
562,2.844774,-0.923469,-0.168894,1.863482,-0.187051
563,-2.804281,-1.254368,0.237039,0.893938,1.325201
564,0.997127,-0.679624,-0.18165,1.496531,1.993043
565,0.025475,0.667477,0.856094,-0.846107,1.77153
566,-0.149078,0.401314,1.457356,-0.568949,0.986362
567,-1.335192,-1.13761,0.582205,1.245341,-1.470535
568,2.276913,-1.273788,0.134718,-0.842297,-1.24574
569,-1.195921,0.026774,1.383968,1.402301,-1.155143
570,-0.47222,-1.204745,-1.959002,-0.025384,-1.204578
571,0.077034,-0.486982,1.497969,0.878586,0.200365
572,0.594813,-0.219245,0.913472,1.474134,2.576659
573,-0.75416,0.302831,-0.824857,-1.501725,-0.92786
574,-1.865244,0.863142,-0.41967,-0.384598,-2.365663
575,-1.822265,-0.434175,0.38795,0.23099,0.011535
576,-2.875854,0.901473,-2.644295,1.055294,0.663102
577,1.145814,-2.018293,0.617177,-1.481988,0.756999
578,-2.582152,-0.856481,0.770574,1.852283,1.451552
579,-1.69974,0.975388,1.165246,0.203086,-1.899353
580,2.335945,-1.57925,0.835809,1.195404,-1.338333
581,2.494301,-1.211003,0.098075,0.953454,-0.859681
582,-1.194725,-0.56908,0.241581,0.465224,-1.280214
583,0.219463,0.676201,1.896021,-1.840183,1.746624
584,2.153626,0.877778,-0.217507,1.725341,3.780444
585,2.408913,-0.95679,0.897031,-0.240489,-0.152885
586,-2.751947,1.20604,0.614744,1.396967,-2.491349
587,2.569179,-0.228118,1.102551,-1.677386,0.756362
588,1.737707,-0.853523,-2.248915,0.022211,0.736941
589,-2.648407,-0.30494,-1.944818,-0.364473,1.079321
590,1.137344,0.102169,-0.250372,0.845081,3.392184
591,-2.752386,-0.068795,1.731901,-0.30291,1.187487
592,0.199532,0.882901,0.767449,0.105778,1.596843
593,1.780229,-0.037835,-0.230263,-1.488926,3.422517
594,1.302643,-0.648783,0.998104,-0.04523,2.877761
595,0.397171,0.166823,-0.426616,0.557647,2.076579
596,2.021964,-0.400598,-0.412262,-1.8736,2.961852
597,-0.912737,0.702146,-0.093015,1.147708,-1.570448
598,0.491543,-0.370227,-1.587512,0.823076,2.33319
599,-0.87039,-1.54842,-0.632702,-0.396109,-1.642739
600,-1.959071,0.02024,1.283826,0.19106,0.17983
